rank,token_id,piece,count,share
1,262,▁।,37579,0.026280031749472882
2,261,▁,37015,0.025885610985037884
3,263,को,28767,0.02011755696897433
4,264,",",24954,0.017451020843459016
5,265,मा,23372,0.01634468458577078
6,266,।,21986,0.015375416536999675
7,15,<0x0A>,19834,0.01387046354929735
8,267,▁र,18054,0.01262566042749896
9,268,▁छ,17575,0.01229068250876782
10,269,ले,17184,0.012017245418530083
11,270,का,16029,0.011209522044554162
12,271,1,9964,0.006968100171684925
13,272,लाई,9192,0.006428219267174611
14,273,2,9116,0.0063750703698394
15,274,▁पनि,8375,0.005856868620821081
16,275,0,7698,0.005383423837979783
17,276,▁छन्,6286,0.004395973271699261
18,277,▁भएको,5823,0.004072184594512376
19,281,▁हो,5285,0.003695946347586795
20,278,▁लागि,5232,0.00365888198497145
21,280,बाट,5229,0.003656784002181902
22,279,▁गर्न,5115,0.0035770606561790837
23,282,5,5029,0.0035169184828787122
24,283,▁गरेको,4906,0.0034309011885072503
25,288,-,4867,0.0034036274122431283
26,286,न,4570,0.003195927116077891
27,284,3,4464,0.0031217983908472004
28,291,7,4187,0.0029280846466122824
29,285,▁एक,4162,0.0029106014566993837
30,287,▁भने,4139,0.002894516921979517
31,292,▁थियो,4021,0.0028119962655906348
32,290,▁गर्ने,3977,0.002781225851343933
33,300,▁को,3939,0.0027546514026763266
34,293,4,3892,0.002721783005640077
35,294,▁यो,3712,0.0025959040382672063
36,296,र,3681,0.002574224882775212
37,295,6,3649,0.0025518463996867012
38,289,▁',3622,0.0025329645545807706
39,298,ी,3415,0.002388203742101969
40,297,▁तथा,3402,0.0023791124833472616
41,307,क,3320,0.002321767620432954
42,309,',3251,0.0022735140162733532
43,308,म,3249,0.0022721153610803214
44,313,▁मा,3184,0.0022266590673067845
45,299,9,3163,0.0022119731877799495
46,311,स,3039,0.0021252565658119718
47,301,8,3035,0.002122459255425908
48,310,▁थिए,2750,0.0019231508904188623
49,306,▁नै,2730,0.0019091643384885433
50,304,▁रहेको,2623,0.0018343362856613366
